{"stats":{"minecraft:killed_by":{"vampirism:advanced_vampire":1,"minecraft:skeleton":2,"grimoireofgaia:spriggan":2},"minecraft:used":{"minecraft:stone_sword":88,"minecraft:stone_shovel":32,"minecraft:stone_pickaxe":110,"minecraft:oak_planks":72,"minecraft:chest":2,"minecraft:wooden_pickaxe":27,"minecraft:cooked_salmon":2,"minecraft:cooked_chicken":1,"minecraft:torch":6,"minecraft:dirt":24,"farmersdelight:flint_knife":1,"minecraft:crafting_table":2,"minecraft:campfire":1,"minecraft:granite":1,"minecraft:birch_door":2,"alexsmobs:maggot":1,"minecraft:gravel":12,"minecraft:stone_axe":79,"minecraft:cobblestone":48,"minecraft:furnace":2,"minecraft:oak_sapling":3,"tombstone:gift":2,"alexsmobs:animal_dictionary":3,"minecraft:cooked_beef":2},"minecraft:picked_up":{"minecraft:birch_log":24,"minecraft:birch_door":2,"minecraft:crafting_table":1,"hmag:copper_nugget":2,"minecraft:feather":4,"minecraft:cooked_beef":2,"minecraft:chicken":4,"minecraft:salmon":2,"butchersdelight:deadpig":16,"minecraft:flint":1,"minecraft:oak_log":27,"evilcraft:flesh_humanoid":3,"farmersdelight:flint_knife":1,"minecraft:dirt":100,"butchersdelight:deadchiken":4,"minecraft:bone":2,"butchersdelight:dead_cow":3,"minecraft:wheat_seeds":2,"minecraft:beef":2,"minecraft:iron_nugget":1,"croptopia:roe":3,"minecraft:oak_planks":16,"minecraft:furnace":1,"minecraft:egg":1,"minecraft:raw_iron":3,"minecraft:stick":2,"minecraft:torch":6,"minecraft:gravel":12,"butchersdelight:cow_hide":1,"minecraft:porkchop":2,"minecraft:diorite":5,"farmersdelight:ham":1,"vampirism:blood_bottle":1,"minecraft:granite":4,"alexsmobs:maggot":1,"minecraft:oak_sapling":3,"minecraft:coal":13,"minecraft:cobblestone":98},"minecraft:crafted":{"minecraft:oak_planks":100,"minecraft:stone_shovel":1,"minecraft:cooked_porkchop":5,"minecraft:crafting_table":1,"farmersdelight:flint_knife":1,"minecraft:wooden_pickaxe":1,"minecraft:cooked_chicken":4,"minecraft:furnace":1,"minecraft:cooked_salmon":2,"minecraft:birch_planks":16,"minecraft:campfire":1,"minecraft:stone_axe":1,"minecraft:air":0,"minecraft:charcoal":4,"minecraft:stick":16,"minecraft:stone_pickaxe":1,"minecraft:stone_sword":1,"minecraft:chest":2},"minecraft:killed":{"vampirism:vampire":2,"minecraft:pig":3,"minecraft:salmon":4,"minecraft:skeleton":4,"minecraft:chicken":4,"grimoireofgaia:werecat":2,"minecraft:cow":1},"minecraft:dropped":{"minecraft:wheat_seeds":1,"minecraft:cooked_chicken":2,"minecraft:cooked_porkchop":3,"evilcraft:flesh_humanoid":4,"minecraft:stick":1,"farmersdelight:flint_knife":1},"minecraft:mined":{"minecraft:oak_sapling":1,"minecraft:crafting_table":1,"minecraft:granite":4,"minecraft:grass_block":37,"minecraft:cobblestone":3,"minecraft:oak_planks":10,"butchersdelight:deadpigblock":13,"butchersdelight:deadchickenblock":4,"minecraft:diorite":5,"minecraft:wall_torch":4,"minecraft:furnace":1,"butchersdelight:deadcowblock":2,"minecraft:birch_log":24,"minecraft:iron_ore":3,"minecraft:birch_leaves":2,"minecraft:grass":9,"minecraft:coal_ore":13,"minecraft:oak_log":27,"minecraft:gravel":13,"minecraft:dirt":72,"minecraft:stone":98,"minecraft:oak_leaves":3},"minecraft:custom":{"minecraft:interact_with_furnace":22,"minecraft:mob_kills":7,"minecraft:interact_with_crafting_table":14,"minecraft:damage_dealt_resisted":47,"minecraft:leave_game":1,"minecraft:time_since_death":2543,"minecraft:time_since_rest":1956,"minecraft:sprint_one_cm":92393,"minecraft:damage_taken":1540,"minecraft:walk_one_cm":129801,"minecraft:drop":10,"minecraft:damage_dealt":1700,"minecraft:swim_one_cm":9999,"minecraft:fly_one_cm":153661,"minecraft:open_chest":5,"minecraft:crouch_one_cm":11389,"minecraft:play_time":71379,"tombstone:undead_killed":2,"minecraft:deaths":5,"minecraft:sneak_time":3900,"minecraft:walk_under_water_one_cm":7428,"minecraft:jump":883,"minecraft:walk_on_water_one_cm":4670,"minecraft:total_world_time":71379,"minecraft:fall_one_cm":23426}},"DataVersion":3465}