{"stats":{"minecraft:killed_by":{"minecraft:skeleton":2,"grimoireofgaia:spriggan":2},"minecraft:used":{"minecraft:stone_sword":80,"minecraft:stone_shovel":13,"minecraft:stone_pickaxe":58,"minecraft:oak_planks":68,"minecraft:wooden_pickaxe":27,"minecraft:cooked_salmon":1,"minecraft:cooked_chicken":1,"minecraft:torch":3,"minecraft:dirt":24,"farmersdelight:flint_knife":1,"minecraft:crafting_table":1,"minecraft:granite":1,"alexsmobs:maggot":1,"minecraft:gravel":12,"minecraft:stone_axe":47,"minecraft:furnace":1,"minecraft:oak_sapling":3,"tombstone:gift":2,"alexsmobs:animal_dictionary":3},"minecraft:picked_up":{"minecraft:birch_log":6,"minecraft:feather":4,"minecraft:chicken":4,"minecraft:salmon":2,"butchersdelight:deadpig":16,"minecraft:flint":1,"minecraft:oak_log":27,"evilcraft:flesh_humanoid":3,"farmersdelight:flint_knife":1,"minecraft:dirt":76,"butchersdelight:deadchiken":4,"minecraft:bone":2,"butchersdelight:dead_cow":3,"minecraft:wheat_seeds":2,"minecraft:beef":2,"minecraft:iron_nugget":1,"croptopia:roe":3,"minecraft:egg":1,"minecraft:torch":3,"minecraft:gravel":12,"butchersdelight:cow_hide":1,"minecraft:porkchop":2,"minecraft:diorite":4,"farmersdelight:ham":1,"minecraft:granite":1,"alexsmobs:maggot":1,"minecraft:oak_sapling":3,"minecraft:cobblestone":71},"minecraft:crafted":{"minecraft:oak_planks":100,"minecraft:stone_shovel":1,"minecraft:cooked_porkchop":5,"minecraft:crafting_table":1,"farmersdelight:flint_knife":1,"minecraft:wooden_pickaxe":1,"minecraft:cooked_chicken":3,"minecraft:furnace":1,"minecraft:cooked_salmon":2,"minecraft:stone_axe":1,"minecraft:air":0,"minecraft:charcoal":2,"minecraft:stick":12,"minecraft:stone_pickaxe":1,"minecraft:stone_sword":1},"minecraft:killed":{"minecraft:pig":3,"minecraft:salmon":4,"minecraft:skeleton":4,"minecraft:chicken":4,"grimoireofgaia:werecat":2,"minecraft:cow":1},"minecraft:dropped":{"minecraft:wheat_seeds":1,"minecraft:cooked_chicken":2,"evilcraft:flesh_humanoid":4,"minecraft:stick":1,"farmersdelight:flint_knife":1},"minecraft:mined":{"minecraft:oak_sapling":1,"minecraft:granite":1,"minecraft:grass_block":17,"butchersdelight:deadpigblock":13,"butchersdelight:deadchickenblock":4,"minecraft:diorite":4,"minecraft:wall_torch":1,"butchersdelight:deadcowblock":2,"minecraft:birch_log":6,"minecraft:birch_leaves":1,"minecraft:grass":8,"minecraft:oak_log":27,"minecraft:gravel":13,"minecraft:dirt":65,"minecraft:stone":71,"minecraft:oak_leaves":3},"minecraft:custom":{"minecraft:interact_with_furnace":14,"minecraft:mob_kills":5,"minecraft:interact_with_crafting_table":9,"minecraft:leave_game":1,"minecraft:time_since_death":15335,"minecraft:time_since_rest":15137,"minecraft:sprint_one_cm":74112,"minecraft:damage_taken":980,"minecraft:walk_one_cm":88452,"minecraft:drop":9,"minecraft:damage_dealt":1413,"minecraft:swim_one_cm":8289,"minecraft:fly_one_cm":130855,"minecraft:crouch_one_cm":7805,"minecraft:play_time":59379,"tombstone:undead_killed":2,"minecraft:deaths":4,"minecraft:sneak_time":2966,"minecraft:walk_under_water_one_cm":5010,"minecraft:jump":735,"minecraft:walk_on_water_one_cm":2256,"minecraft:total_world_time":59379,"minecraft:fall_one_cm":19590}},"DataVersion":3465}