{"stats":{"minecraft:killed_by":{"grimoireofgaia:spriggan":2},"minecraft:used":{"minecraft:stone_sword":34,"minecraft:stone_pickaxe":32,"minecraft:wooden_pickaxe":27,"minecraft:cooked_chicken":1,"minecraft:stone_axe":22,"minecraft:dirt":18,"minecraft:crafting_table":1,"minecraft:oak_sapling":1,"minecraft:furnace":1,"alexsmobs:animal_dictionary":1,"minecraft:granite":1},"minecraft:picked_up":{"minecraft:feather":3,"minecraft:chicken":3,"butchersdelight:deadpig":11,"minecraft:oak_log":27,"minecraft:dirt":18,"butchersdelight:deadchiken":3,"minecraft:wheat_seeds":1,"minecraft:granite":1,"minecraft:iron_nugget":1,"minecraft:oak_sapling":1,"minecraft:cobblestone":51},"minecraft:crafted":{"minecraft:oak_planks":20,"minecraft:crafting_table":1,"minecraft:stick":8,"minecraft:wooden_pickaxe":1,"minecraft:cooked_chicken":3,"minecraft:stone_pickaxe":1,"minecraft:stone_sword":1,"minecraft:furnace":1,"minecraft:stone_axe":1,"minecraft:air":0},"minecraft:killed":{"minecraft:pig":2,"minecraft:chicken":3,"grimoireofgaia:werecat":2},"minecraft:mined":{"minecraft:birch_leaves":1,"minecraft:granite":1,"minecraft:grass":8,"minecraft:grass_block":5,"minecraft:oak_log":27,"minecraft:dirt":13,"minecraft:stone":51,"butchersdelight:deadpigblock":10,"butchersdelight:deadchickenblock":3,"minecraft:oak_leaves":3},"minecraft:custom":{"minecraft:time_since_rest":15807,"minecraft:interact_with_furnace":5,"minecraft:sprint_one_cm":40311,"minecraft:damage_taken":500,"minecraft:walk_one_cm":37941,"minecraft:mob_kills":1,"minecraft:damage_dealt":702,"minecraft:swim_one_cm":278,"minecraft:interact_with_crafting_table":7,"minecraft:fly_one_cm":71966,"minecraft:crouch_one_cm":5266,"minecraft:play_time":35379,"minecraft:deaths":2,"minecraft:sneak_time":1866,"minecraft:walk_under_water_one_cm":1475,"minecraft:jump":373,"minecraft:leave_game":1,"minecraft:time_since_death":16489,"minecraft:walk_on_water_one_cm":227,"minecraft:total_world_time":35379,"minecraft:fall_one_cm":9507}},"DataVersion":3465}