{"stats":{"minecraft:killed_by":{"grimoireofgaia:spriggan":2},"minecraft:used":{"minecraft:stone_sword":23,"minecraft:stone_pickaxe":32,"minecraft:wooden_pickaxe":27,"minecraft:dirt":14,"minecraft:crafting_table":1,"alexsmobs:animal_dictionary":1,"minecraft:granite":1},"minecraft:picked_up":{"minecraft:feather":3,"minecraft:chicken":3,"butchersdelight:deadpig":11,"minecraft:oak_log":5,"minecraft:dirt":17,"butchersdelight:deadchiken":3,"minecraft:granite":1,"minecraft:cobblestone":51},"minecraft:crafted":{"minecraft:oak_planks":20,"minecraft:crafting_table":1,"minecraft:stick":8,"minecraft:wooden_pickaxe":1,"minecraft:stone_pickaxe":1,"minecraft:stone_sword":1,"minecraft:stone_axe":1},"minecraft:killed":{"minecraft:pig":2,"minecraft:chicken":3},"minecraft:mined":{"minecraft:birch_leaves":1,"minecraft:granite":1,"minecraft:grass":5,"minecraft:grass_block":4,"minecraft:oak_log":5,"minecraft:dirt":13,"minecraft:stone":51,"butchersdelight:deadpigblock":9,"butchersdelight:deadchickenblock":3,"minecraft:oak_leaves":3},"minecraft:custom":{"minecraft:time_since_rest":3807,"minecraft:sprint_one_cm":29030,"minecraft:damage_taken":500,"minecraft:walk_one_cm":27081,"minecraft:damage_dealt":332,"minecraft:swim_one_cm":278,"minecraft:interact_with_crafting_table":5,"minecraft:fly_one_cm":58211,"minecraft:crouch_one_cm":4969,"minecraft:play_time":23379,"minecraft:deaths":2,"minecraft:sneak_time":1769,"minecraft:walk_under_water_one_cm":1475,"minecraft:jump":281,"minecraft:leave_game":1,"minecraft:time_since_death":4489,"minecraft:walk_on_water_one_cm":227,"minecraft:total_world_time":23379,"minecraft:fall_one_cm":6407}},"DataVersion":3465}