{"stats":{"minecraft:used":{"minecraft:dirt":7},"minecraft:picked_up":{"minecraft:dirt":7},"minecraft:mined":{"minecraft:grass":2,"minecraft:grass_block":2,"minecraft:dirt":5},"minecraft:custom":{"minecraft:jump":25,"minecraft:time_since_rest":11379,"minecraft:leave_game":1,"minecraft:crouch_one_cm":129,"minecraft:sprint_one_cm":139,"minecraft:play_time":11379,"minecraft:time_since_death":11379,"minecraft:walk_one_cm":3521,"minecraft:sneak_time":81,"minecraft:total_world_time":11379,"minecraft:fall_one_cm":209,"minecraft:fly_one_cm":440}},"DataVersion":3465}