{"stats":{"minecraft:killed_by":{"minecraft:skeleton":2,"grimoireofgaia:spriggan":2},"minecraft:used":{"alexsmobs:maggot":1,"minecraft:stone_sword":49,"minecraft:stone_pickaxe":58,"minecraft:oak_planks":24,"minecraft:wooden_pickaxe":27,"minecraft:cooked_chicken":1,"minecraft:stone_axe":26,"minecraft:dirt":24,"minecraft:crafting_table":1,"minecraft:oak_sapling":2,"minecraft:furnace":1,"tombstone:gift":2,"alexsmobs:animal_dictionary":3,"minecraft:granite":1},"minecraft:picked_up":{"minecraft:feather":3,"minecraft:chicken":3,"minecraft:salmon":2,"butchersdelight:deadpig":15,"minecraft:oak_log":27,"evilcraft:flesh_humanoid":3,"minecraft:diorite":4,"minecraft:dirt":29,"butchersdelight:deadchiken":3,"minecraft:bone":2,"minecraft:wheat_seeds":1,"minecraft:granite":1,"croptopia:roe":3,"minecraft:iron_nugget":1,"alexsmobs:maggot":1,"minecraft:oak_sapling":2,"minecraft:cobblestone":71},"minecraft:crafted":{"minecraft:oak_planks":64,"minecraft:charcoal":2,"minecraft:crafting_table":1,"minecraft:stick":8,"minecraft:wooden_pickaxe":1,"minecraft:cooked_chicken":3,"minecraft:stone_pickaxe":1,"minecraft:stone_sword":1,"minecraft:furnace":1,"minecraft:stone_axe":1,"minecraft:air":0},"minecraft:killed":{"minecraft:skeleton":4,"minecraft:pig":2,"minecraft:chicken":3,"minecraft:salmon":4,"grimoireofgaia:werecat":2},"minecraft:dropped":{"minecraft:wheat_seeds":1,"minecraft:cooked_chicken":2,"evilcraft:flesh_humanoid":4,"minecraft:stick":1},"minecraft:mined":{"minecraft:birch_leaves":1,"minecraft:granite":1,"minecraft:grass":8,"minecraft:grass_block":6,"minecraft:oak_log":27,"minecraft:dirt":25,"minecraft:stone":71,"butchersdelight:deadpigblock":13,"butchersdelight:deadchickenblock":3,"minecraft:diorite":4,"minecraft:oak_leaves":3},"minecraft:custom":{"minecraft:time_since_rest":3137,"minecraft:interact_with_furnace":9,"minecraft:sprint_one_cm":57421,"minecraft:damage_taken":980,"minecraft:walk_one_cm":61575,"minecraft:mob_kills":5,"minecraft:drop":8,"minecraft:damage_dealt":1173,"minecraft:swim_one_cm":7012,"minecraft:interact_with_crafting_table":8,"minecraft:fly_one_cm":105268,"tombstone:undead_killed":2,"minecraft:crouch_one_cm":6349,"minecraft:play_time":47379,"minecraft:deaths":4,"minecraft:sneak_time":2523,"minecraft:walk_under_water_one_cm":3788,"minecraft:jump":566,"minecraft:leave_game":1,"minecraft:time_since_death":3335,"minecraft:walk_on_water_one_cm":2101,"minecraft:total_world_time":47379,"minecraft:fall_one_cm":13862}},"DataVersion":3465}