{"stats":{"minecraft:killed_by":{"hmag:skeleton_girl":1},"minecraft:used":{"minecraft:stone_pickaxe":43,"minecraft:oak_planks":41,"minecraft:wooden_pickaxe":35,"minecraft:cooked_chicken":2,"minecraft:torch":6,"minecraft:dirt":63,"minecraft:crafting_table":1,"minecraft:birch_door":2,"minecraft:wooden_axe":11,"alexsmobs:maggot":1,"minecraft:apple":1,"minecraft:birch_sapling":5,"minecraft:oak_button":2,"evilcraft:flesh_humanoid":1,"farmersdelight:ham":1,"minecraft:stone_axe":6,"minecraft:wooden_sword":27,"minecraft:cobblestone":31,"minecraft:oak_sapling":8,"minecraft:cooked_porkchop":2,"alexsmobs:animal_dictionary":2},"minecraft:picked_up":{"minecraft:birch_log":6,"minecraft:crafting_table":1,"minecraft:andesite":1,"butchersdelight:deadpig":3,"minecraft:oak_log":20,"evilcraft:flesh_humanoid":1,"farmersdelight:flint_knife":1,"minecraft:dirt":91,"minecraft:wooden_sword":1,"minecraft:apple":1,"minecraft:cooked_chicken":2,"minecraft:iron_nugget":1,"minecraft:birch_sapling":5,"minecraft:oak_planks":1,"minecraft:cooked_porkchop":3,"minecraft:torch":3,"minecraft:porkchop":4,"farmersdelight:ham":2,"minecraft:oak_button":1,"alexsmobs:maggot":2,"minecraft:oak_sapling":9,"minecraft:coal":9,"minecraft:cobblestone":68},"minecraft:crafted":{"minecraft:wooden_sword":1,"minecraft:oak_planks":56,"minecraft:cooked_porkchop":1,"minecraft:wooden_pickaxe":1,"minecraft:birch_planks":24,"minecraft:stone_axe":1,"minecraft:air":0,"minecraft:charcoal":4,"minecraft:stick":12,"minecraft:stone_pickaxe":1,"minecraft:wooden_axe":1,"minecraft:oak_button":1,"minecraft:birch_door":3,"minecraft:torch":4},"minecraft:killed":{"alexsmobs:fly":4,"hmag:cursed_doll":2,"grimoireofgaia:dryad":2},"minecraft:dropped":{"alexsmobs:maggot":1,"farmersdelight:flint_knife":1,"minecraft:torch":1,"minecraft:oak_sapling":1,"minecraft:wooden_sword":1},"minecraft:mined":{"minecraft:oak_sapling":2,"minecraft:crafting_table":1,"minecraft:glow_lichen":2,"minecraft:torch":1,"minecraft:grass_block":53,"minecraft:cobblestone":2,"butchersdelight:deadpigblock":3,"minecraft:oak_planks":1,"minecraft:wall_torch":1,"minecraft:birch_sapling":1,"minecraft:birch_log":6,"minecraft:birch_leaves":6,"minecraft:andesite":1,"minecraft:grass":6,"minecraft:coal_ore":9,"minecraft:oak_log":20,"minecraft:dirt":17,"minecraft:stone":63,"minecraft:oak_leaves":14},"minecraft:custom":{"minecraft:interact_with_furnace":10,"minecraft:mob_kills":4,"minecraft:interact_with_crafting_table":6,"minecraft:damage_dealt_resisted":39,"minecraft:leave_game":2,"minecraft:time_since_death":5717,"minecraft:time_since_rest":5332,"minecraft:sprint_one_cm":27525,"minecraft:damage_taken":700,"minecraft:walk_one_cm":195291,"minecraft:drop":5,"minecraft:damage_dealt":1157,"minecraft:swim_one_cm":2151,"minecraft:fly_one_cm":17094,"minecraft:open_chest":5,"minecraft:crouch_one_cm":5171,"minecraft:play_time":47315,"minecraft:deaths":1,"minecraft:sneak_time":1371,"minecraft:walk_under_water_one_cm":964,"minecraft:jump":281,"minecraft:walk_on_water_one_cm":4519,"minecraft:total_world_time":47315,"minecraft:fall_one_cm":4079}},"DataVersion":3465}