{"stats":{"minecraft:mined":{"minecraft:oak_sapling":2,"exoticbirds:nest":1,"dynamictrees:spruce_sapling":1,"minecraft:torch":1,"minecraft:clay":1,"minecraft:crafting_table":4,"minecraft:glow_lichen":2,"minecraft:grass_block":56,"minecraft:warped_roots":1,"minecraft:tall_grass":2,"minecraft:cobblestone":2,"minecraft:oak_planks":1,"butchersdelight:deadpigblock":3,"minecraft:wall_torch":1,"minecraft:large_fern":1,"minecraft:birch_sapling":1,"minecraft:furnace":4,"minecraft:iron_ore":7,"minecraft:birch_log":6,"minecraft:fire":2,"vampirism:fire_place":1,"vampirism:tent":1,"minecraft:andesite":1,"minecraft:birch_leaves":6,"minecraft:grass":10,"minecraft:oak_log":20,"minecraft:coal_ore":9,"minecraft:gravel":13,"minecraft:dirt":21,"minecraft:blue_orchid":3,"minecraft:stone":68,"minecraft:oak_leaves":17},"minecraft:killed":{"grimoireofgaia:dullahan":2,"minecraft:pig":1,"naturalist:bluejay":2,"hmag:skeleton_girl":2,"minecraft:zombie":2,"exoticbirds:pigeon":2,"minecraft:chicken":1,"alexsmobs:fly":4,"hmag:cursed_doll":2,"grimoireofgaia:dryad":2},"minecraft:used":{"minecraft:stone_sword":11,"alexsmobs:cooked_catfish":2,"dynamictrees:spruce_seed":1,"minecraft:stone_pickaxe":67,"minecraft:oak_planks":41,"minecraft:wooden_pickaxe":35,"minecraft:cooked_chicken":3,"minecraft:rotten_flesh":2,"minecraft:warped_roots":1,"minecraft:torch":6,"minecraft:dirt":119,"minecraft:crafting_table":2,"minecraft:birch_door":2,"minecraft:wooden_axe":11,"alexsmobs:maggot":1,"minecraft:apple":1,"minecraft:oak_button":2,"minecraft:birch_sapling":5,"exoticbirds:cooked_birdmeat":1,"evilcraft:flesh_humanoid":1,"farmersdelight:ham":3,"minecraft:stone_axe":11,"hmag:cureberry":4,"minecraft:wooden_sword":58,"minecraft:cobblestone":47,"minecraft:furnace":3,"minecraft:oak_sapling":8,"minecraft:cooked_porkchop":4,"minecraft:andesite":1,"tombstone:gift":2,"minecraft:egg":1,"alexsmobs:animal_dictionary":2},"minecraft:killed_by":{"grimoireofgaia:banshee":1,"hmag:skeleton_girl":1},"minecraft:crafted":{"minecraft:wooden_sword":1,"minecraft:oak_planks":80,"minecraft:cooked_porkchop":1,"minecraft:wooden_pickaxe":1,"farmersdelight:flint_knife":1,"minecraft:cooked_chicken":1,"minecraft:birch_planks":24,"minecraft:stone_axe":1,"minecraft:air":0,"minecraft:charcoal":4,"minecraft:light_blue_dye":1,"minecraft:stick":12,"exoticbirds:cooked_birdmeat":1,"minecraft:stone_pickaxe":1,"minecraft:wooden_axe":1,"minecraft:stone_sword":1,"minecraft:oak_button":1,"minecraft:birch_door":3,"alexsmobs:cooked_catfish":2,"minecraft:torch":4},"minecraft:dropped":{"minecraft:furnace":1,"alexsmobs:maggot":1,"minecraft:clay_ball":4,"exoticbirds:mystery_egg":4,"minecraft:light_blue_dye":1,"farmersdelight:flint_knife":1,"minecraft:torch":1,"minecraft:oak_sapling":1,"minecraft:wooden_sword":1,"minecraft:blue_orchid":2},"minecraft:picked_up":{"minecraft:birch_log":6,"vampirism:item_tent":1,"minecraft:crafting_table":4,"minecraft:feather":4,"grimoireofgaia:soulfire":1,"minecraft:chicken":1,"minecraft:clay_ball":4,"minecraft:andesite":1,"dynamictrees:spruce_seed":8,"butchersdelight:deadpig":4,"minecraft:flint":1,"minecraft:oak_log":20,"evilcraft:flesh_humanoid":1,"farmersdelight:flint_knife":1,"minecraft:dirt":157,"minecraft:wooden_sword":1,"butchersdelight:deadchiken":1,"minecraft:bone":2,"minecraft:blue_orchid":3,"minecraft:apple":1,"minecraft:cooked_chicken":2,"minecraft:iron_nugget":2,"minecraft:birch_sapling":5,"minecraft:oak_planks":2,"minecraft:furnace":4,"minecraft:egg":1,"minecraft:stick":20,"minecraft:raw_iron":7,"minecraft:cooked_porkchop":3,"vampirism:fire_place":1,"minecraft:torch":3,"minecraft:gravel":11,"minecraft:porkchop":6,"exoticbirds:mystery_egg":1,"minecraft:spruce_log":15,"minecraft:rotten_flesh":2,"farmersdelight:ham":3,"minecraft:spider_eye":1,"minecraft:arrow":1,"alexsmobs:raw_catfish":2,"minecraft:warped_roots":1,"minecraft:oak_button":1,"alexsmobs:maggot":2,"minecraft:oak_sapling":9,"minecraft:coal":17,"exoticbirds:raw_birdmeat":1,"minecraft:cobblestone":74},"minecraft:broken":{"minecraft:wooden_sword":1},"minecraft:custom":{"minecraft:interact_with_furnace":22,"minecraft:mob_kills":9,"minecraft:interact_with_crafting_table":7,"minecraft:damage_dealt_resisted":39,"minecraft:leave_game":3,"minecraft:time_since_death":13613,"minecraft:time_since_rest":11991,"minecraft:sprint_one_cm":94852,"minecraft:damage_taken":1598,"minecraft:walk_one_cm":284782,"minecraft:drop":10,"minecraft:damage_dealt":2629,"minecraft:swim_one_cm":16351,"minecraft:fly_one_cm":103919,"minecraft:open_chest":8,"tombstone:undead_killed":2,"minecraft:crouch_one_cm":11161,"minecraft:play_time":73886,"minecraft:deaths":2,"minecraft:sneak_time":3206,"minecraft:walk_under_water_one_cm":10992,"minecraft:jump":864,"minecraft:walk_on_water_one_cm":13679,"minecraft:total_world_time":73886,"minecraft:fall_one_cm":16130}},"DataVersion":3465}