{"stats":{"minecraft:used":{"alexsmobs:maggot":1,"minecraft:birch_sapling":1,"evilcraft:flesh_humanoid":1,"minecraft:cooked_chicken":2,"minecraft:dirt":56,"minecraft:crafting_table":1,"minecraft:oak_sapling":5,"alexsmobs:animal_dictionary":2},"minecraft:picked_up":{"minecraft:birch_log":6,"minecraft:crafting_table":1,"butchersdelight:deadpig":3,"evilcraft:flesh_humanoid":1,"minecraft:dirt":56,"minecraft:apple":1,"minecraft:cooked_chicken":2,"alexsmobs:maggot":2,"minecraft:oak_sapling":6,"minecraft:birch_sapling":2},"minecraft:crafted":{"minecraft:birch_planks":24},"minecraft:killed":{"alexsmobs:fly":4},"minecraft:dropped":{"alexsmobs:maggot":1,"minecraft:oak_sapling":1},"minecraft:mined":{"minecraft:birch_log":6,"minecraft:birch_leaves":6,"minecraft:crafting_table":1,"minecraft:grass":4,"minecraft:grass_block":38,"minecraft:dirt":4,"butchersdelight:deadpigblock":3,"minecraft:oak_leaves":6},"minecraft:custom":{"minecraft:time_since_rest":25007,"minecraft:interact_with_furnace":1,"minecraft:sprint_one_cm":9777,"minecraft:damage_taken":205,"minecraft:walk_one_cm":68489,"minecraft:mob_kills":2,"minecraft:drop":2,"minecraft:damage_dealt":134,"minecraft:interact_with_crafting_table":1,"minecraft:fly_one_cm":8593,"minecraft:crouch_one_cm":1756,"minecraft:play_time":25007,"minecraft:sneak_time":456,"minecraft:jump":79,"minecraft:leave_game":2,"minecraft:time_since_death":25007,"minecraft:walk_on_water_one_cm":1154,"minecraft:total_world_time":25007,"minecraft:fall_one_cm":2544}},"DataVersion":3465}