{"stats":{"minecraft:mined":{"minecraft:oak_sapling":2,"dynamictrees:spruce_sapling":1,"minecraft:torch":1,"minecraft:clay":1,"minecraft:crafting_table":4,"minecraft:glow_lichen":2,"minecraft:grass_block":56,"minecraft:warped_roots":1,"minecraft:cobblestone":2,"minecraft:oak_planks":1,"butchersdelight:deadpigblock":3,"minecraft:wall_torch":1,"minecraft:large_fern":1,"minecraft:birch_sapling":1,"minecraft:furnace":2,"minecraft:iron_ore":7,"minecraft:birch_log":6,"minecraft:fire":2,"minecraft:andesite":1,"minecraft:birch_leaves":6,"minecraft:grass":7,"minecraft:oak_log":20,"minecraft:coal_ore":9,"minecraft:gravel":13,"minecraft:dirt":21,"minecraft:stone":68,"minecraft:oak_leaves":17},"minecraft:killed":{"grimoireofgaia:dullahan":2,"naturalist:bluejay":2,"hmag:skeleton_girl":2,"exoticbirds:pigeon":2,"minecraft:chicken":1,"alexsmobs:fly":4,"hmag:cursed_doll":2,"grimoireofgaia:dryad":2},"minecraft:used":{"minecraft:stone_sword":2,"alexsmobs:cooked_catfish":2,"dynamictrees:spruce_seed":1,"minecraft:stone_pickaxe":63,"minecraft:oak_planks":41,"minecraft:wooden_pickaxe":35,"minecraft:cooked_chicken":3,"minecraft:warped_roots":1,"minecraft:torch":6,"minecraft:dirt":91,"minecraft:crafting_table":2,"minecraft:birch_door":2,"minecraft:wooden_axe":11,"alexsmobs:maggot":1,"minecraft:apple":1,"minecraft:oak_button":2,"minecraft:birch_sapling":5,"evilcraft:flesh_humanoid":1,"farmersdelight:ham":2,"minecraft:stone_axe":11,"hmag:cureberry":4,"minecraft:wooden_sword":58,"minecraft:cobblestone":47,"minecraft:furnace":1,"minecraft:oak_sapling":8,"minecraft:cooked_porkchop":4,"minecraft:andesite":1,"tombstone:gift":2,"minecraft:egg":1,"alexsmobs:animal_dictionary":2},"minecraft:killed_by":{"grimoireofgaia:banshee":1,"hmag:skeleton_girl":1},"minecraft:crafted":{"minecraft:wooden_sword":1,"minecraft:oak_planks":80,"minecraft:cooked_porkchop":1,"minecraft:wooden_pickaxe":1,"farmersdelight:flint_knife":1,"minecraft:cooked_chicken":1,"minecraft:birch_planks":24,"minecraft:stone_axe":1,"minecraft:air":0,"minecraft:charcoal":4,"minecraft:stick":12,"minecraft:stone_pickaxe":1,"minecraft:wooden_axe":1,"minecraft:stone_sword":1,"minecraft:oak_button":1,"minecraft:birch_door":3,"alexsmobs:cooked_catfish":2,"minecraft:torch":4},"minecraft:dropped":{"minecraft:furnace":1,"alexsmobs:maggot":1,"minecraft:clay_ball":4,"farmersdelight:flint_knife":1,"minecraft:torch":1,"minecraft:oak_sapling":1,"minecraft:wooden_sword":1},"minecraft:picked_up":{"minecraft:birch_log":6,"minecraft:crafting_table":4,"minecraft:feather":4,"grimoireofgaia:soulfire":1,"minecraft:chicken":1,"minecraft:clay_ball":4,"minecraft:andesite":1,"dynamictrees:spruce_seed":8,"butchersdelight:deadpig":3,"minecraft:flint":1,"minecraft:oak_log":20,"evilcraft:flesh_humanoid":1,"farmersdelight:flint_knife":1,"minecraft:dirt":157,"minecraft:wooden_sword":1,"butchersdelight:deadchiken":1,"minecraft:bone":2,"minecraft:apple":1,"minecraft:cooked_chicken":2,"minecraft:iron_nugget":2,"minecraft:birch_sapling":5,"minecraft:oak_planks":1,"minecraft:furnace":2,"minecraft:egg":1,"minecraft:stick":17,"minecraft:raw_iron":7,"minecraft:cooked_porkchop":3,"minecraft:torch":3,"minecraft:gravel":11,"minecraft:porkchop":4,"exoticbirds:mystery_egg":1,"minecraft:spruce_log":15,"farmersdelight:ham":2,"minecraft:spider_eye":1,"minecraft:arrow":1,"alexsmobs:raw_catfish":2,"minecraft:warped_roots":1,"minecraft:oak_button":1,"alexsmobs:maggot":2,"minecraft:oak_sapling":9,"minecraft:coal":16,"exoticbirds:raw_birdmeat":1,"minecraft:cobblestone":74},"minecraft:broken":{"minecraft:wooden_sword":1},"minecraft:custom":{"minecraft:interact_with_furnace":18,"minecraft:mob_kills":8,"minecraft:interact_with_crafting_table":7,"minecraft:damage_dealt_resisted":39,"minecraft:leave_game":3,"minecraft:time_since_death":7922,"minecraft:time_since_rest":6300,"minecraft:sprint_one_cm":77444,"minecraft:damage_taken":1528,"minecraft:walk_one_cm":262828,"minecraft:drop":7,"minecraft:damage_dealt":2331,"minecraft:swim_one_cm":16351,"minecraft:fly_one_cm":80190,"minecraft:open_chest":8,"tombstone:undead_killed":1,"minecraft:crouch_one_cm":8621,"minecraft:play_time":68195,"minecraft:deaths":2,"minecraft:sneak_time":2506,"minecraft:walk_under_water_one_cm":10992,"minecraft:jump":741,"minecraft:walk_on_water_one_cm":13679,"minecraft:total_world_time":68195,"minecraft:fall_one_cm":10640}},"DataVersion":3465}