{"stats":{"minecraft:used":{"minecraft:birch_door":2,"minecraft:wooden_axe":11,"alexsmobs:maggot":1,"minecraft:apple":1,"minecraft:oak_planks":41,"minecraft:oak_button":1,"minecraft:birch_sapling":5,"minecraft:wooden_pickaxe":12,"evilcraft:flesh_humanoid":1,"minecraft:cooked_chicken":2,"minecraft:torch":5,"minecraft:wooden_sword":7,"minecraft:cobblestone":2,"minecraft:dirt":60,"minecraft:crafting_table":1,"minecraft:oak_sapling":8,"minecraft:cooked_porkchop":1,"alexsmobs:animal_dictionary":2},"minecraft:picked_up":{"minecraft:birch_log":6,"minecraft:crafting_table":1,"minecraft:torch":2,"minecraft:porkchop":4,"butchersdelight:deadpig":3,"minecraft:oak_log":14,"evilcraft:flesh_humanoid":1,"farmersdelight:ham":2,"farmersdelight:flint_knife":1,"minecraft:dirt":66,"minecraft:wooden_sword":1,"minecraft:apple":1,"minecraft:cooked_chicken":2,"minecraft:oak_button":1,"alexsmobs:maggot":2,"minecraft:oak_sapling":9,"minecraft:birch_sapling":5,"minecraft:oak_planks":1,"minecraft:cobblestone":12},"minecraft:crafted":{"minecraft:wooden_sword":1,"minecraft:oak_planks":56,"minecraft:cooked_porkchop":1,"minecraft:stick":12,"minecraft:wooden_pickaxe":1,"minecraft:wooden_axe":1,"minecraft:oak_button":1,"minecraft:birch_door":3,"minecraft:torch":4,"minecraft:birch_planks":24},"minecraft:killed":{"alexsmobs:fly":4},"minecraft:dropped":{"alexsmobs:maggot":1,"farmersdelight:flint_knife":1,"minecraft:torch":1,"minecraft:oak_sapling":1,"minecraft:wooden_sword":1},"minecraft:mined":{"minecraft:oak_sapling":2,"minecraft:birch_log":6,"minecraft:birch_leaves":6,"minecraft:torch":1,"minecraft:crafting_table":1,"minecraft:grass":6,"minecraft:grass_block":44,"minecraft:oak_log":14,"minecraft:dirt":4,"minecraft:stone":12,"minecraft:oak_planks":1,"butchersdelight:deadpigblock":3,"minecraft:oak_leaves":13,"minecraft:birch_sapling":1},"minecraft:custom":{"minecraft:time_since_rest":35315,"minecraft:interact_with_furnace":6,"minecraft:sprint_one_cm":13582,"minecraft:damage_taken":265,"minecraft:walk_one_cm":126387,"minecraft:mob_kills":2,"minecraft:drop":5,"minecraft:damage_dealt":368,"minecraft:interact_with_crafting_table":5,"minecraft:fly_one_cm":9273,"minecraft:crouch_one_cm":3113,"minecraft:play_time":35315,"minecraft:sneak_time":742,"minecraft:jump":129,"minecraft:leave_game":2,"minecraft:time_since_death":35315,"minecraft:walk_on_water_one_cm":1154,"minecraft:total_world_time":35315,"minecraft:fall_one_cm":3082}},"DataVersion":3465}