{"stats":{"minecraft:used":{"alexsmobs:maggot":1,"minecraft:dirt":20,"minecraft:crafting_table":1,"minecraft:oak_sapling":1,"alexsmobs:animal_dictionary":2},"minecraft:picked_up":{"minecraft:birch_log":6,"minecraft:crafting_table":1,"minecraft:apple":1,"butchersdelight:deadpig":1,"alexsmobs:maggot":1,"minecraft:oak_sapling":5,"minecraft:dirt":27},"minecraft:killed":{"alexsmobs:fly":2},"minecraft:dropped":{"minecraft:oak_sapling":1},"minecraft:mined":{"minecraft:grass":4,"minecraft:grass_block":23,"minecraft:dirt":4,"minecraft:birch_log":6,"butchersdelight:deadpigblock":1,"minecraft:crafting_table":1},"minecraft:custom":{"minecraft:time_since_rest":15685,"minecraft:crouch_one_cm":1288,"minecraft:play_time":15685,"minecraft:sprint_one_cm":6198,"minecraft:damage_taken":180,"minecraft:walk_one_cm":39169,"minecraft:sneak_time":365,"minecraft:mob_kills":1,"minecraft:drop":1,"minecraft:jump":48,"minecraft:damage_dealt":94,"minecraft:leave_game":1,"minecraft:walk_on_water_one_cm":1154,"minecraft:time_since_death":15685,"minecraft:total_world_time":15685,"minecraft:fall_one_cm":209,"minecraft:fly_one_cm":3963}},"DataVersion":3465}